"busCode","hasBusBunching","trips","percTrips"
"BA001","FALSE",395,1
"BA002","FALSE",192,0.994818652849741
"BA002","TRUE",1,0.00518134715025907
"BA005","FALSE",197,1
"BA006","FALSE",1,1
"BA007","FALSE",81,1
"BA008","FALSE",279,1
"BA009","FALSE",118,1
"BA010","FALSE",68,1
"BA011","FALSE",545,1
"BA012","FALSE",127,1
"BA013","FALSE",75,0.974025974025974
"BA013","TRUE",2,0.025974025974026
"BA014","FALSE",6,1
"BA015","FALSE",175,1
"BA016","FALSE",129,1
"BA017","FALSE",124,1
"BA018","FALSE",112,1
"BA019","FALSE",315,1
"BA020","FALSE",281,1
"BA021","FALSE",377,1
"BA022","FALSE",346,1
"BA023","FALSE",279,1
"BA024","FALSE",57,1
"BA025","FALSE",3,1
"BA026","FALSE",209,0.972093023255814
"BA026","TRUE",6,0.027906976744186
"BA027","FALSE",351,1
"BA028","FALSE",286,0.996515679442509
"BA028","TRUE",1,0.00348432055749129
"BA029","FALSE",490,0.991902834008097
"BA029","TRUE",4,0.00809716599190283
"BA030","FALSE",272,1
"BA031","FALSE",378,0.994736842105263
"BA031","TRUE",2,0.00526315789473684
"BA032","FALSE",549,0.987410071942446
"BA032","TRUE",7,0.012589928057554
"BA033","FALSE",204,0.948837209302326
"BA033","TRUE",11,0.0511627906976744
"BA034","FALSE",204,0.966824644549763
"BA034","TRUE",7,0.033175355450237
"BA035","FALSE",368,0.991913746630728
"BA035","TRUE",3,0.00808625336927224
"BA036","FALSE",86,0.977272727272727
"BA036","TRUE",2,0.0227272727272727
"BA037","FALSE",394,0.989949748743719
"BA037","TRUE",4,0.0100502512562814
"BA112","FALSE",356,0.994413407821229
"BA112","TRUE",2,0.00558659217877095
"BA113","FALSE",210,1
"BA114","FALSE",178,1
"BA115","FALSE",100,1
"BA116","FALSE",238,1
"BA117","FALSE",117,0.991525423728814
"BA117","TRUE",1,0.00847457627118644
"BA118","FALSE",533,0.994402985074627
"BA118","TRUE",3,0.00559701492537313
"BA119","FALSE",226,0.995594713656388
"BA119","TRUE",1,0.00440528634361234
"BA120","FALSE",55,0.964912280701754
"BA120","TRUE",2,0.0350877192982456
"BA121","FALSE",589,1
"BA123","FALSE",188,0.989473684210526
"BA123","TRUE",2,0.0105263157894737
"BA124","FALSE",390,1
"BA125","FALSE",278,1
"BA126","FALSE",384,1
"BA127","FALSE",305,1
"BA128","FALSE",83,1
"BA129","FALSE",580,1
"BA130","FALSE",115,1
"BA131","FALSE",342,0.997084548104956
"BA131","TRUE",1,0.00291545189504373
"BA132","FALSE",181,1
"BA133","FALSE",237,1
"BA134","FALSE",396,1
"BA135","FALSE",121,1
"BA136","FALSE",138,0.985714285714286
"BA136","TRUE",2,0.0142857142857143
"BA137","FALSE",302,0.986928104575163
"BA137","TRUE",4,0.0130718954248366
"BA138","FALSE",643,0.993817619783617
"BA138","TRUE",4,0.00618238021638331
"BA139","FALSE",135,0.992647058823529
"BA139","TRUE",1,0.00735294117647059
"BA140","FALSE",163,0.99390243902439
"BA140","TRUE",1,0.00609756097560976
"BA141","FALSE",367,1
"BA142","FALSE",238,0.975409836065574
"BA142","TRUE",6,0.0245901639344262
"BA277","FALSE",280,0.989399293286219
"BA277","TRUE",3,0.0106007067137809
"BA287","FALSE",187,1
"BA294","FALSE",178,0.978021978021978
"BA294","TRUE",4,0.021978021978022
"BA295","FALSE",239,1
"BA296","FALSE",218,1
"BA297","FALSE",103,1
"BA299","FALSE",186,1
"BA600","FALSE",203,0.980676328502415
"BA600","TRUE",4,0.0193236714975845
"BA601","FALSE",88,0.967032967032967
"BA601","TRUE",3,0.032967032967033
"BA602","FALSE",117,0.966942148760331
"BA602","TRUE",4,0.0330578512396694
"BA603","FALSE",214,0.995348837209302
"BA603","TRUE",1,0.00465116279069767
"BA604","FALSE",24,1
"BA699","FALSE",60,1
"BA944","FALSE",426,1
"BB001","FALSE",168,0.982456140350877
"BB001","TRUE",3,0.0175438596491228
"BB002","FALSE",118,0.983333333333333
"BB002","TRUE",2,0.0166666666666667
"BB299","FALSE",126,0.992125984251969
"BB299","TRUE",1,0.0078740157480315
"BB300","FALSE",60,0.983606557377049
"BB300","TRUE",1,0.0163934426229508
"BB301","FALSE",61,0.983870967741935
"BB301","TRUE",1,0.0161290322580645
"BB302","FALSE",379,0.994750656167979
"BB302","TRUE",2,0.005249343832021
"BB303","FALSE",260,1
"BB304","FALSE",116,1
"BB305","FALSE",219,1
"BB306","FALSE",300,1
"BB307","FALSE",228,0.995633187772926
"BB307","TRUE",1,0.00436681222707424
"BB308","FALSE",246,1
"BB309","FALSE",192,0.994818652849741
"BB309","TRUE",1,0.00518134715025907
"BB310","FALSE",242,1
"BB498","FALSE",132,0.970588235294118
"BB498","TRUE",4,0.0294117647058824
"BB600","FALSE",142,0.986111111111111
"BB600","TRUE",2,0.0138888888888889
"BB601","FALSE",71,1
"BB602","FALSE",68,0.918918918918919
"BB602","TRUE",6,0.0810810810810811
"BB603","FALSE",144,0.979591836734694
"BB603","TRUE",3,0.0204081632653061
"BB604","FALSE",35,0.921052631578947
"BB604","TRUE",3,0.0789473684210526
"BB605","FALSE",101,0.90990990990991
"BB605","TRUE",10,0.0900900900900901
"BB606","FALSE",56,0.933333333333333
"BB606","TRUE",4,0.0666666666666667
"BB607","FALSE",124,0.96875
"BB607","TRUE",4,0.03125
"BB608","FALSE",119,0.937007874015748
"BB608","TRUE",8,0.062992125984252
"BB609","FALSE",104,0.990476190476191
"BB609","TRUE",1,0.00952380952380952
"BB610","FALSE",65,0.984848484848485
"BB610","TRUE",1,0.0151515151515152
"BB611","FALSE",139,0.992857142857143
"BB611","TRUE",1,0.00714285714285714
"BB613","FALSE",72,0.972972972972973
"BB613","TRUE",2,0.027027027027027
"BB614","FALSE",65,0.970149253731343
"BB614","TRUE",2,0.0298507462686567
"BB615","FALSE",145,0.941558441558442
"BB615","TRUE",9,0.0584415584415584
"BB617","FALSE",28,0.875
"BB617","TRUE",4,0.125
"BB620","FALSE",118,0.959349593495935
"BB620","TRUE",5,0.040650406504065
"BB696","FALSE",35,0.972222222222222
"BB696","TRUE",1,0.0277777777777778
"BC001","FALSE",211,0.990610328638498
"BC001","TRUE",2,0.00938967136150235
"BC002","FALSE",337,0.997041420118343
"BC002","TRUE",1,0.0029585798816568
"BC004","FALSE",163,1
"BC005","FALSE",298,1
"BC006","FALSE",159,1
"BC007","FALSE",203,1
"BC008","FALSE",353,1
"BC009","FALSE",84,1
"BC010","FALSE",283,1
"BC011","FALSE",420,1
"BC012","FALSE",374,1
"BC013","FALSE",282,1
"BC014","FALSE",189,0.994736842105263
"BC014","TRUE",1,0.00526315789473684
"BC015","FALSE",139,1
"BC016","FALSE",284,0.996491228070175
"BC016","TRUE",1,0.00350877192982456
"BC017","FALSE",149,1
"BC018","FALSE",65,1
"BC019","FALSE",195,1
"BC020","FALSE",184,1
"BC021","FALSE",111,1
"BC022","FALSE",228,1
"BC023","FALSE",237,0.995798319327731
"BC023","TRUE",1,0.00420168067226891
"BC024","FALSE",186,0.994652406417112
"BC024","TRUE",1,0.0053475935828877
"BC025","FALSE",220,0.995475113122172
"BC025","TRUE",1,0.00452488687782805
"BC026","FALSE",150,1
"BC027","FALSE",173,1
"BC028","FALSE",204,0.995121951219512
"BC028","TRUE",1,0.0048780487804878
"BC029","FALSE",162,0.981818181818182
"BC029","TRUE",3,0.0181818181818182
"BC030","FALSE",146,0.986486486486487
"BC030","TRUE",2,0.0135135135135135
"BC031","FALSE",219,0.995454545454545
"BC031","TRUE",1,0.00454545454545455
"BC032","FALSE",248,0.995983935742972
"BC032","TRUE",1,0.00401606425702811
"BC033","FALSE",97,1
"BC034","FALSE",220,0.995475113122172
"BC034","TRUE",1,0.00452488687782805
"BC186","FALSE",78,1
"BC187","FALSE",122,0.976
"BC187","TRUE",3,0.024
"BC188","FALSE",81,0.98780487804878
"BC188","TRUE",1,0.0121951219512195
"BC189","FALSE",204,1
"BC190","FALSE",85,1
"BC278","FALSE",105,0.981308411214953
"BC278","TRUE",2,0.0186915887850467
"BC279","FALSE",120,1
"BC280","FALSE",136,1
"BC281","FALSE",92,0.989247311827957
"BC281","TRUE",1,0.010752688172043
"BC282","FALSE",55,1
"BC283","FALSE",217,1
"BC284","FALSE",74,1
"BC285","FALSE",28,1
"BC286","FALSE",183,1
"BC287","FALSE",81,1
"BC288","FALSE",60,0.967741935483871
"BC288","TRUE",2,0.032258064516129
"BC289","FALSE",141,1
"BC297","FALSE",80,0.963855421686747
"BC297","TRUE",3,0.036144578313253
"BC299","FALSE",132,1
"BC300","FALSE",89,0.978021978021978
"BC300","TRUE",2,0.021978021978022
"BC301","FALSE",83,1
"BC302","FALSE",159,1
"BC303","FALSE",318,0.987577639751553
"BC303","TRUE",4,0.0124223602484472
"BC304","FALSE",206,1
"BC305","FALSE",348,0.991452991452991
"BC305","TRUE",3,0.00854700854700855
"BC306","FALSE",404,0.992628992628993
"BC306","TRUE",3,0.00737100737100737
"BC307","FALSE",182,0.983783783783784
"BC307","TRUE",3,0.0162162162162162
"BC308","FALSE",297,1
"BC309","FALSE",306,0.993506493506494
"BC309","TRUE",2,0.00649350649350649
"BC310","FALSE",234,0.991525423728814
"BC310","TRUE",2,0.00847457627118644
"BC311","FALSE",153,0.980769230769231
"BC311","TRUE",3,0.0192307692307692
"BC312","FALSE",211,0.963470319634703
"BC312","TRUE",8,0.0365296803652968
"BC313","FALSE",188,0.954314720812183
"BC313","TRUE",9,0.0456852791878173
"BC314","FALSE",42,0.976744186046512
"BC314","TRUE",1,0.0232558139534884
"BC315","FALSE",262,0.9812734082397
"BC315","TRUE",5,0.0187265917602996
"BC316","FALSE",252,0.969230769230769
"BC316","TRUE",8,0.0307692307692308
"BC317","FALSE",56,1
"BC318","FALSE",68,1
"BC319","FALSE",292,0.996587030716723
"BC319","TRUE",1,0.00341296928327645
"BC320","FALSE",213,0.990697674418605
"BC320","TRUE",2,0.00930232558139535
"BC321","FALSE",108,0.990825688073395
"BC321","TRUE",1,0.00917431192660551
"BC322","FALSE",100,1
"BC323","FALSE",167,0.976608187134503
"BC323","TRUE",4,0.0233918128654971
"BC324","FALSE",142,0.993006993006993
"BC324","TRUE",1,0.00699300699300699
"BC497","FALSE",60,0.983606557377049
"BC497","TRUE",1,0.0163934426229508
"BC500","FALSE",106,0.990654205607477
"BC500","TRUE",1,0.00934579439252336
"BC597","FALSE",95,1
"BC598","FALSE",94,1
"BC599","FALSE",210,1
"BC850","FALSE",245,1
"BC851","FALSE",136,1
"BC852","FALSE",297,1
"BC904","FALSE",176,1
"BC905","FALSE",79,1
"BC906","FALSE",181,1
"BC907","FALSE",287,1
"BC908","FALSE",288,0.982935153583618
"BC908","TRUE",5,0.0170648464163823
"BC911","FALSE",228,1
"BC912","FALSE",246,1
"BC913","FALSE",297,1
"BC917","FALSE",100,1
"BC918","FALSE",44,1
"BC920","FALSE",165,1
"BC925","FALSE",279,1
"BC926","FALSE",352,1
"BC927","FALSE",323,1
"BC928","FALSE",190,1
"BC929","FALSE",284,1
"BC930","FALSE",191,1
"BC931","FALSE",135,1
"BC932","FALSE",258,1
"BC933","FALSE",55,1
"BC934","FALSE",306,1
"BC935","FALSE",133,1
"BC936","FALSE",236,1
"BC937","FALSE",231,1
"BC938","FALSE",368,1
"BC939","FALSE",194,1
"BC940","FALSE",224,1
"BC941","FALSE",142,1
"BC942","FALSE",231,0.991416309012876
"BC942","TRUE",2,0.00858369098712446
"BC944","FALSE",200,0.985221674876847
"BC944","TRUE",3,0.0147783251231527
"BC945","FALSE",76,1
"BC946","FALSE",186,1
"BC947","FALSE",234,1
"BC948","FALSE",382,1
"BC949","FALSE",92,1
"BD126","FALSE",45,0.918367346938776
"BD126","TRUE",4,0.0816326530612245
"BD127","FALSE",48,0.857142857142857
"BD127","TRUE",8,0.142857142857143
"BD128","FALSE",47,0.87037037037037
"BD128","TRUE",7,0.12962962962963
"BD129","FALSE",57,0.890625
"BD129","TRUE",7,0.109375
"BD130","FALSE",44,1
"BD131","FALSE",32,0.96969696969697
"BD131","TRUE",1,0.0303030303030303
"BD132","FALSE",45,0.849056603773585
"BD132","TRUE",8,0.150943396226415
"BD133","FALSE",57,0.934426229508197
"BD133","TRUE",4,0.0655737704918033
"BD134","FALSE",74,0.925
"BD134","TRUE",6,0.075
"BD135","FALSE",120,0.94488188976378
"BD135","TRUE",7,0.0551181102362205
"BD136","FALSE",141,0.952702702702703
"BD136","TRUE",7,0.0472972972972973
"BD137","FALSE",117,0.975
"BD137","TRUE",3,0.025
"BD138","FALSE",93,0.948979591836735
"BD138","TRUE",5,0.0510204081632653
"BD139","FALSE",132,0.963503649635037
"BD139","TRUE",5,0.0364963503649635
"BD140","FALSE",113,0.91869918699187
"BD140","TRUE",10,0.0813008130081301
"BD141","FALSE",144,0.95364238410596
"BD141","TRUE",7,0.0463576158940397
"BD142","FALSE",78,0.886363636363636
"BD142","TRUE",10,0.113636363636364
"BD143","FALSE",67,0.985294117647059
"BD143","TRUE",1,0.0147058823529412
"BD144","FALSE",121,0.975806451612903
"BD144","TRUE",3,0.0241935483870968
"BD145","FALSE",95,0.89622641509434
"BD145","TRUE",11,0.10377358490566
"BD146","FALSE",86,0.924731182795699
"BD146","TRUE",7,0.0752688172043011
"BD147","FALSE",146,0.924050632911392
"BD147","TRUE",12,0.0759493670886076
"BD148","FALSE",99,0.933962264150943
"BD148","TRUE",7,0.0660377358490566
"BD149","FALSE",150,0.961538461538462
"BD149","TRUE",6,0.0384615384615385
"BD150","FALSE",98,0.882882882882883
"BD150","TRUE",13,0.117117117117117
"BE700","FALSE",76,0.904761904761905
"BE700","TRUE",8,0.0952380952380952
"BE701","FALSE",76,0.926829268292683
"BE701","TRUE",6,0.0731707317073171
"BE702","FALSE",57,0.919354838709677
"BE702","TRUE",5,0.0806451612903226
"BE703","FALSE",107,0.955357142857143
"BE703","TRUE",5,0.0446428571428571
"BE704","FALSE",40,0.888888888888889
"BE704","TRUE",5,0.111111111111111
"BE705","FALSE",80,0.963855421686747
"BE705","TRUE",3,0.036144578313253
"BE706","FALSE",73,0.973333333333333
"BE706","TRUE",2,0.0266666666666667
"BE842","FALSE",73,0.820224719101124
"BE842","TRUE",16,0.179775280898876
"BE844","FALSE",80,0.952380952380952
"BE844","TRUE",4,0.0476190476190476
"BE845","FALSE",60,0.882352941176471
"BE845","TRUE",8,0.117647058823529
"BE847","FALSE",46,0.978723404255319
"BE847","TRUE",1,0.0212765957446809
"BE848","FALSE",77,0.895348837209302
"BE848","TRUE",9,0.104651162790698
"BE849","FALSE",51,0.910714285714286
"BE849","TRUE",5,0.0892857142857143
"BL067","FALSE",33,0.970588235294118
"BL067","TRUE",1,0.0294117647058824
"BL069","FALSE",6,1
"BL070","FALSE",46,0.978723404255319
"BL070","TRUE",1,0.0212765957446809
"BL071","FALSE",32,1
"BL072","FALSE",64,0.941176470588235
"BL072","TRUE",4,0.0588235294117647
"BL074","FALSE",36,1
"BL300","FALSE",7,0.875
"BL300","TRUE",1,0.125
"BL301","FALSE",48,0.923076923076923
"BL301","TRUE",4,0.0769230769230769
"BL302","FALSE",85,0.988372093023256
"BL302","TRUE",1,0.0116279069767442
"BL303","FALSE",95,1
"BL304","FALSE",56,0.888888888888889
"BL304","TRUE",7,0.111111111111111
"BL305","FALSE",86,0.945054945054945
"BL305","TRUE",5,0.0549450549450549
"BL306","FALSE",76,0.987012987012987
"BL306","TRUE",1,0.012987012987013
"BL307","FALSE",108,0.990825688073395
"BL307","TRUE",1,0.00917431192660551
"BL308","FALSE",125,0.992063492063492
"BL308","TRUE",1,0.00793650793650794
"BL309","FALSE",55,0.948275862068966
"BL309","TRUE",3,0.0517241379310345
"BL310","FALSE",66,0.970588235294118
"BL310","TRUE",2,0.0294117647058824
"BL311","FALSE",11,1
"BL312","FALSE",31,0.96875
"BL312","TRUE",1,0.03125
"BL313","FALSE",113,0.982608695652174
"BL313","TRUE",2,0.0173913043478261
"BL314","FALSE",109,0.981981981981982
"BL314","TRUE",2,0.018018018018018
"BL315","FALSE",15,1
"BL316","FALSE",22,1
"BL317","FALSE",60,0.967741935483871
"BL317","TRUE",2,0.032258064516129
"BL318","FALSE",42,1
"BL319","FALSE",88,0.977777777777778
"BL319","TRUE",2,0.0222222222222222
"BL320","FALSE",101,0.980582524271845
"BL320","TRUE",2,0.0194174757281553
"BL321","FALSE",47,1
"BL322","FALSE",78,0.928571428571429
"BL322","TRUE",6,0.0714285714285714
"BL323","FALSE",93,0.98936170212766
"BL323","TRUE",1,0.0106382978723404
"BL324","FALSE",95,0.979381443298969
"BL324","TRUE",2,0.0206185567010309
"BL325","FALSE",167,0.976608187134503
"BL325","TRUE",4,0.0233918128654971
"BL326","FALSE",107,1
"BL327","FALSE",93,0.98936170212766
"BL327","TRUE",1,0.0106382978723404
"BL328","FALSE",4,1
"BL329","FALSE",145,0.986394557823129
"BL329","TRUE",2,0.0136054421768707
"BL330","FALSE",69,1
"BL331","FALSE",36,0.947368421052632
"BL331","TRUE",2,0.0526315789473684
"BL332","FALSE",31,0.96875
"BL332","TRUE",1,0.03125
"BL333","FALSE",79,0.975308641975309
"BL333","TRUE",2,0.0246913580246914
"BL334","FALSE",131,0.992424242424242
"BL334","TRUE",1,0.00757575757575758
"BL335","FALSE",46,1
"BL336","FALSE",138,1
"BL337","FALSE",69,0.985714285714286
"BL337","TRUE",1,0.0142857142857143
"BL338","FALSE",131,0.977611940298508
"BL338","TRUE",3,0.0223880597014925
"BL339","FALSE",77,1
"BL492","FALSE",28,0.96551724137931
"BL492","TRUE",1,0.0344827586206897
"BL493","FALSE",71,0.959459459459459
"BL493","TRUE",3,0.0405405405405405
"BL495","FALSE",103,1
"BL496","FALSE",43,0.977272727272727
"BL496","TRUE",1,0.0227272727272727
"BL497","FALSE",44,0.936170212765957
"BL497","TRUE",3,0.0638297872340425
"BL498","FALSE",44,0.916666666666667
"BL498","TRUE",4,0.0833333333333333
"BL499","FALSE",53,0.929824561403509
"BL499","TRUE",4,0.0701754385964912
"BL684","FALSE",70,0.985915492957746
"BL684","TRUE",1,0.0140845070422535
"BL685","FALSE",83,0.988095238095238
"BL685","TRUE",1,0.0119047619047619
"BL686","FALSE",40,1
"BL687","FALSE",31,0.939393939393939
"BL687","TRUE",2,0.0606060606060606
"BL693","FALSE",60,1
"BL694","FALSE",55,1
"BL695","FALSE",70,0.985915492957746
"BL695","TRUE",1,0.0140845070422535
"BL696","FALSE",58,1
"BL697","FALSE",64,0.984615384615385
"BL697","TRUE",1,0.0153846153846154
"BL698","FALSE",77,0.974683544303797
"BL698","TRUE",2,0.0253164556962025
"BL699","FALSE",84,1
"BN402","FALSE",413,1
"BN403","FALSE",193,1
"BN404","FALSE",95,1
"BN405","FALSE",35,1
"BN406","FALSE",225,1
"BN407","FALSE",337,1
"BN408","FALSE",256,1
"BN409","FALSE",475,1
"BN410","FALSE",659,1
"BN411","FALSE",390,1
"BN601","FALSE",276,1
"BN602","FALSE",214,1
"BN603","FALSE",300,1
"BN604","FALSE",377,1
"BN605","FALSE",236,1
"BN606","FALSE",273,1
"BN607","FALSE",183,1
"BN608","FALSE",261,1
"BN609","FALSE",268,1
"BN610","FALSE",349,1
"BN611","FALSE",242,1
"BN612","FALSE",138,1
"BN613","FALSE",221,1
"BN614","FALSE",284,1
"BN615","FALSE",227,1
"BN616","FALSE",175,1
"BN617","FALSE",158,1
"BN618","FALSE",292,1
"BN619","FALSE",208,1
"BN620","FALSE",184,1
"BN621","FALSE",193,1
"BN622","FALSE",188,1
"BN623","FALSE",274,0.996363636363636
"BN623","TRUE",1,0.00363636363636364
"BN624","FALSE",275,1
"BN625","FALSE",210,1
"BN626","FALSE",170,1
"BN627","FALSE",237,1
"BN628","FALSE",133,1
"BN629","FALSE",177,0.99438202247191
"BN629","TRUE",1,0.00561797752808989
"BN997","FALSE",323,1
"BN998","FALSE",413,1
"BN999","FALSE",126,1
"BR107","FALSE",109,1
"BR108","FALSE",40,0.952380952380952
"BR108","TRUE",2,0.0476190476190476
"BR410","FALSE",26,0.928571428571429
"BR410","TRUE",2,0.0714285714285714
"CA001","FALSE",338,0.997050147492625
"CA001","TRUE",1,0.00294985250737463
"CA010","FALSE",158,1
"CA011","FALSE",84,0.96551724137931
"CA011","TRUE",3,0.0344827586206897
"CA012","FALSE",98,0.98989898989899
"CA012","TRUE",1,0.0101010101010101
"CA300","FALSE",48,1
"CA600","FALSE",108,0.864
"CA600","TRUE",17,0.136
"CA601","FALSE",41,0.82
"CA601","TRUE",9,0.18
"CA602","FALSE",115,0.942622950819672
"CA602","TRUE",7,0.0573770491803279
"CA603","FALSE",74,0.948717948717949
"CA603","TRUE",4,0.0512820512820513
"CB600","FALSE",91,0.968085106382979
"CB600","TRUE",3,0.0319148936170213
"CB601","FALSE",80,0.975609756097561
"CB601","TRUE",2,0.024390243902439
"CB602","FALSE",62,0.984126984126984
"CB602","TRUE",1,0.0158730158730159
"CB603","FALSE",61,0.938461538461538
"CB603","TRUE",4,0.0615384615384615
"CB604","FALSE",92,1
"CB697","FALSE",78,1
"CC170","FALSE",136,0.964539007092199
"CC170","TRUE",5,0.0354609929078014
"CC171","FALSE",163,0.981927710843373
"CC171","TRUE",3,0.0180722891566265
"CC172","FALSE",141,0.986013986013986
"CC172","TRUE",2,0.013986013986014
"CC191","FALSE",219,1
"CC192","FALSE",247,0.988
"CC192","TRUE",3,0.012
"CC193","FALSE",223,0.986725663716814
"CC193","TRUE",3,0.0132743362831858
"CC194","FALSE",228,0.995633187772926
"CC194","TRUE",1,0.00436681222707424
"CC195","FALSE",321,0.993808049535604
"CC195","TRUE",2,0.00619195046439629
"CC196","FALSE",200,0.995024875621891
"CC196","TRUE",1,0.00497512437810945
"CC197","FALSE",298,0.996655518394649
"CC197","TRUE",1,0.00334448160535117
"CC297","FALSE",128,0.977099236641221
"CC297","TRUE",3,0.0229007633587786
"CC298","FALSE",120,0.991735537190083
"CC298","TRUE",1,0.00826446280991736
"CC300","FALSE",203,0.980676328502415
"CC300","TRUE",4,0.0193236714975845
"CC301","FALSE",207,0.985714285714286
"CC301","TRUE",3,0.0142857142857143
"CC302","FALSE",63,0.984375
"CC302","TRUE",1,0.015625
"CL038","FALSE",82,1
"CL039","FALSE",12,1
"CL300","FALSE",158,0.981366459627329
"CL300","TRUE",3,0.0186335403726708
"CL301","FALSE",67,1
"CL302","FALSE",106,0.981481481481482
"CL302","TRUE",2,0.0185185185185185
"CL303","FALSE",114,0.991304347826087
"CL303","TRUE",1,0.00869565217391304
"CL304","FALSE",85,0.988372093023256
"CL304","TRUE",1,0.0116279069767442
"CL306","FALSE",170,1
"CL499","FALSE",14,1
"CL698","FALSE",7,1
"CL699","FALSE",63,1
"CR109","FALSE",35,0.945945945945946
"CR109","TRUE",2,0.0540540540540541
"CR804","FALSE",74,0.973684210526316
"CR804","TRUE",2,0.0263157894736842
"DA009","FALSE",187,1
"DA010","FALSE",217,1
"DA011","FALSE",470,1
"DA012","FALSE",521,1
"DA013","FALSE",430,1
"DA014","FALSE",235,1
"DA015","FALSE",490,0.993914807302231
"DA015","TRUE",3,0.00608519269776876
"DA016","FALSE",169,1
"DA019","FALSE",335,0.982404692082111
"DA019","TRUE",6,0.0175953079178886
"DA020","FALSE",211,0.995283018867924
"DA020","TRUE",1,0.00471698113207547
"DA022","FALSE",332,1
"DA023","FALSE",817,1
"DA027","FALSE",356,1
"DA029","FALSE",16,0.941176470588235
"DA029","TRUE",1,0.0588235294117647
"DA032","FALSE",516,0.994219653179191
"DA032","TRUE",3,0.00578034682080925
"DA033","FALSE",346,0.974647887323944
"DA033","TRUE",9,0.0253521126760563
"DA300","FALSE",447,0.991130820399113
"DA300","TRUE",4,0.00886917960088692
"DA850","FALSE",10,1
"DB023","FALSE",87,0.988636363636364
"DB023","TRUE",1,0.0113636363636364
"DB025","FALSE",71,1
"DB300","FALSE",97,1
"DC081","FALSE",90,0.978260869565217
"DC081","TRUE",2,0.0217391304347826
"DC082","FALSE",173,1
"DC083","FALSE",127,0.9921875
"DC083","TRUE",1,0.0078125
"DC084","FALSE",139,0.992857142857143
"DC084","TRUE",1,0.00714285714285714
"DC085","FALSE",269,1
"DC086","FALSE",168,1
"DC087","FALSE",219,0.995454545454545
"DC087","TRUE",1,0.00454545454545455
"DC088","FALSE",178,1
"DC089","FALSE",199,0.995
"DC089","TRUE",1,0.005
"DC090","FALSE",246,0.995951417004049
"DC090","TRUE",1,0.00404858299595142
"DC091","FALSE",252,0.992125984251969
"DC091","TRUE",2,0.0078740157480315
"DC092","FALSE",233,1
"DC093","FALSE",250,0.99601593625498
"DC093","TRUE",1,0.00398406374501992
"DC292","FALSE",251,1
"DC293","FALSE",231,1
"DC294","FALSE",262,1
"DC295","FALSE",216,1
"DC296","FALSE",130,1
"DC297","FALSE",139,0.985815602836879
"DC297","TRUE",2,0.0141843971631206
"DC298","FALSE",214,1
"DC850","FALSE",226,1
"DC851","FALSE",97,1
"DC852","FALSE",218,1
"DC853","FALSE",162,1
"DC854","FALSE",101,1
"DC855","FALSE",187,1
"DC983","FALSE",177,1
"DE700","FALSE",106,0.963636363636364
"DE700","TRUE",4,0.0363636363636364
"DE701","FALSE",93,1
"DE702","FALSE",110,0.982142857142857
"DE702","TRUE",2,0.0178571428571429
"DE703","FALSE",116,0.958677685950413
"DE703","TRUE",5,0.0413223140495868
"DE704","FALSE",38,0.974358974358974
"DE704","TRUE",1,0.0256410256410256
"DE705","FALSE",95,1
"DE706","FALSE",120,0.96
"DE706","TRUE",5,0.04
"DE707","FALSE",100,0.943396226415094
"DE707","TRUE",6,0.0566037735849057
"DE708","FALSE",101,0.990196078431373
"DE708","TRUE",1,0.00980392156862745
"DE709","FALSE",83,0.976470588235294
"DE709","TRUE",2,0.0235294117647059
"DE710","FALSE",83,0.988095238095238
"DE710","TRUE",1,0.0119047619047619
"DE711","FALSE",115,0.982905982905983
"DE711","TRUE",2,0.0170940170940171
"DE712","FALSE",70,0.972222222222222
"DE712","TRUE",2,0.0277777777777778
"DE713","FALSE",100,0.952380952380952
"DE713","TRUE",5,0.0476190476190476
"DE714","FALSE",100,0.980392156862745
"DE714","TRUE",2,0.0196078431372549
"DE715","FALSE",92,0.978723404255319
"DE715","TRUE",2,0.0212765957446809
"DE716","FALSE",95,0.940594059405941
"DE716","TRUE",6,0.0594059405940594
"DE717","FALSE",76,0.974358974358974
"DE717","TRUE",2,0.0256410256410256
"DE719","FALSE",116,0.983050847457627
"DE719","TRUE",2,0.0169491525423729
"DE720","FALSE",100,0.99009900990099
"DE720","TRUE",1,0.0099009900990099
"DE721","FALSE",106,0.963636363636364
"DE721","TRUE",4,0.0363636363636364
"DE722","FALSE",111,0.965217391304348
"DE722","TRUE",4,0.0347826086956522
"DE841","FALSE",33,1
"DE842","FALSE",25,1
"DE846","FALSE",26,1
"DL039","FALSE",41,0.931818181818182
"DL039","TRUE",3,0.0681818181818182
"DL040","FALSE",12,1
"DL041","FALSE",12,1
"DL300","FALSE",116,1
"DL301","FALSE",123,1
"DL302","FALSE",78,0.975
"DL302","TRUE",2,0.025
"DL303","FALSE",158,0.993710691823899
"DL303","TRUE",1,0.00628930817610063
"DL304","FALSE",191,1
"DL305","FALSE",231,1
"DL306","FALSE",162,0.993865030674847
"DL306","TRUE",1,0.00613496932515337
"DL307","FALSE",326,1
"DL308","FALSE",152,1
"DL309","FALSE",148,1
"DL310","FALSE",239,0.987603305785124
"DL310","TRUE",3,0.012396694214876
"DL311","FALSE",282,1
"DL312","FALSE",56,1
"DL313","FALSE",217,1
"DL314","FALSE",127,1
"DL315","FALSE",94,0.989473684210526
"DL315","TRUE",1,0.0105263157894737
"DL316","FALSE",48,1
"DL317","FALSE",74,1
"DN017","FALSE",188,1
"DN019","FALSE",270,0.996309963099631
"DN019","TRUE",1,0.003690036900369
"DN020","FALSE",138,1
"DN021","FALSE",243,1
"DN022","FALSE",152,1
"DN024","FALSE",32,0.888888888888889
"DN024","TRUE",4,0.111111111111111
"DN025","FALSE",35,0.972222222222222
"DN025","TRUE",1,0.0277777777777778
"DN026","FALSE",72,1
"DN027","FALSE",200,0.995024875621891
"DN027","TRUE",1,0.00497512437810945
"DN028","FALSE",206,0.985645933014354
"DN028","TRUE",3,0.0143540669856459
"DN029","FALSE",230,0.995670995670996
"DN029","TRUE",1,0.00432900432900433
"DN400","FALSE",363,1
"DN600","FALSE",233,1
"DN601","FALSE",262,1
"DN602","FALSE",137,1
"DN603","FALSE",166,1
"DN604","FALSE",239,0.995833333333333
"DN604","TRUE",1,0.00416666666666667
"DN605","FALSE",153,1
"DN606","FALSE",156,1
"DN607","FALSE",185,1
"DN608","FALSE",301,1
"DN609","FALSE",297,1
"DR100","FALSE",41,0.976190476190476
"DR100","TRUE",1,0.0238095238095238
"DR101","FALSE",58,0.983050847457627
"DR101","TRUE",1,0.0169491525423729
"DR102","FALSE",82,0.987951807228916
"DR102","TRUE",1,0.0120481927710843
"DR103","FALSE",83,1
"DR104","FALSE",66,0.929577464788732
"DR104","TRUE",5,0.0704225352112676
"DR105","FALSE",60,1
"DR106","FALSE",52,0.981132075471698
"DR106","TRUE",1,0.0188679245283019
"DR107","FALSE",74,1
"DR113","FALSE",29,1
"DR114","FALSE",86,1
"DR115","FALSE",42,0.976744186046512
"DR115","TRUE",1,0.0232558139534884
"DR116","FALSE",99,0.970588235294118
"DR116","TRUE",3,0.0294117647058824
"DR117","FALSE",69,0.945205479452055
"DR117","TRUE",4,0.0547945205479452
"DR118","FALSE",41,0.872340425531915
"DR118","TRUE",6,0.127659574468085
"DR400","FALSE",79,0.9875
"DR400","TRUE",1,0.0125
"DR401","FALSE",127,0.976923076923077
"DR401","TRUE",3,0.0230769230769231
"DR402","FALSE",82,0.901098901098901
"DR402","TRUE",9,0.0989010989010989
"DR403","FALSE",92,0.968421052631579
"DR403","TRUE",3,0.0315789473684211
"DR405","FALSE",194,0.989795918367347
"DR405","TRUE",2,0.0102040816326531
"DR406","FALSE",80,0.987654320987654
"DR406","TRUE",1,0.0123456790123457
"DR407","FALSE",251,0.992094861660079
"DR407","TRUE",2,0.00790513833992095
"DR408","FALSE",109,1
"DR800","FALSE",36,1
"DR801","FALSE",31,0.96875
"DR801","TRUE",1,0.03125
"DR803","FALSE",29,1
"DR804","FALSE",24,1
"DR805","FALSE",60,0.983606557377049
"DR805","TRUE",1,0.0163934426229508
"EA001","FALSE",47,0.758064516129032
"EA001","TRUE",15,0.241935483870968
"EA002","FALSE",135,0.985401459854015
"EA002","TRUE",2,0.0145985401459854
"EA003","FALSE",84,0.988235294117647
"EA003","TRUE",1,0.0117647058823529
"EA004","FALSE",179,0.967567567567568
"EA004","TRUE",6,0.0324324324324324
"EA005","FALSE",126,1
"EA006","FALSE",54,0.947368421052632
"EA006","TRUE",3,0.0526315789473684
"EA007","FALSE",114,1
"EA008","FALSE",20,1
"EA009","FALSE",10,1
"EA010","FALSE",65,0.970149253731343
"EA010","TRUE",2,0.0298507462686567
"EA011","FALSE",57,1
"EA012","FALSE",109,1
"EA013","FALSE",76,0.962025316455696
"EA013","TRUE",3,0.0379746835443038
"EA014","FALSE",123,0.976190476190476
"EA014","TRUE",3,0.0238095238095238
"EA015","FALSE",370,0.994623655913978
"EA015","TRUE",2,0.00537634408602151
"EA016","FALSE",249,0.980314960629921
"EA016","TRUE",5,0.0196850393700787
"EA017","FALSE",149,0.993333333333333
"EA017","TRUE",1,0.00666666666666667
"EA018","FALSE",300,0.99009900990099
"EA018","TRUE",3,0.0099009900990099
"EA019","FALSE",167,0.988165680473373
"EA019","TRUE",2,0.0118343195266272
"EA020","FALSE",83,0.988095238095238
"EA020","TRUE",1,0.0119047619047619
"EA021","FALSE",135,1
"EA022","FALSE",22,0.956521739130435
"EA022","TRUE",1,0.0434782608695652
"EA023","FALSE",75,1
"EA024","FALSE",46,0.958333333333333
"EA024","TRUE",2,0.0416666666666667
"EA025","FALSE",86,0.988505747126437
"EA025","TRUE",1,0.0114942528735632
"EA026","FALSE",344,0.99135446685879
"EA026","TRUE",3,0.00864553314121038
"EA027","FALSE",112,0.991150442477876
"EA027","TRUE",1,0.00884955752212389
"EA073","FALSE",396,0.994974874371859
"EA073","TRUE",2,0.0050251256281407
"EA074","FALSE",370,0.989304812834225
"EA074","TRUE",4,0.0106951871657754
"EA075","FALSE",408,0.997555012224939
"EA075","TRUE",1,0.00244498777506112
"EA076","FALSE",509,1
"EA077","FALSE",323,0.996913580246914
"EA077","TRUE",1,0.00308641975308642
"EA159","FALSE",31,1
"EA160","FALSE",37,1
"EA161","FALSE",83,1
"EA162","FALSE",93,0.96875
"EA162","TRUE",3,0.03125
"EA163","FALSE",42,1
"EA164","FALSE",83,0.988095238095238
"EA164","TRUE",1,0.0119047619047619
"EA165","FALSE",49,1
"EA166","FALSE",80,1
"EA168","FALSE",400,1
"EA169","FALSE",275,1
"EA170","FALSE",452,1
"EA171","FALSE",362,0.997245179063361
"EA171","TRUE",1,0.00275482093663912
"EA172","FALSE",425,1
"EA173","FALSE",210,1
"EA174","FALSE",219,1
"EA175","FALSE",212,0.990654205607477
"EA175","TRUE",2,0.00934579439252336
"EA176","FALSE",118,1
"EA177","FALSE",335,1
"EA178","FALSE",166,1
"EA179","FALSE",117,1
"EA180","FALSE",387,1
"EA181","FALSE",19,1
"EA182","FALSE",139,1
"EA184","FALSE",406,1
"EA185","FALSE",64,0.914285714285714
"EA185","TRUE",6,0.0857142857142857
"EA186","FALSE",249,0.996
"EA186","TRUE",1,0.004
"EA187","FALSE",180,1
"EA188","FALSE",303,0.996710526315789
"EA188","TRUE",1,0.00328947368421053
"EA189","FALSE",344,1
"EA190","FALSE",86,0.955555555555556
"EA190","TRUE",4,0.0444444444444444
"EA191","FALSE",108,0.947368421052632
"EA191","TRUE",6,0.0526315789473684
"EA192","FALSE",144,0.979591836734694
"EA192","TRUE",3,0.0204081632653061
"EA193","FALSE",164,0.976190476190476
"EA193","TRUE",4,0.0238095238095238
"EA194","FALSE",251,0.98046875
"EA194","TRUE",5,0.01953125
"EA195","FALSE",367,0.976063829787234
"EA195","TRUE",9,0.023936170212766
"EA196","FALSE",427,0.997663551401869
"EA196","TRUE",1,0.00233644859813084
"EA197","FALSE",306,0.993506493506494
"EA197","TRUE",2,0.00649350649350649
"EA198","FALSE",361,0.994490358126722
"EA198","TRUE",2,0.00550964187327824
"EA300","FALSE",164,0.976190476190476
"EA300","TRUE",4,0.0238095238095238
"EA301","FALSE",205,0.980861244019139
"EA301","TRUE",4,0.0191387559808612
"EA302","FALSE",96,0.989690721649485
"EA302","TRUE",1,0.0103092783505155
"EA303","FALSE",507,0.996070726915521
"EA303","TRUE",2,0.00392927308447937
"EA600","FALSE",100,1
"EA601","FALSE",91,1
"EA602","FALSE",111,1
"EC001","FALSE",236,1
"EC002","FALSE",298,1
"EC003","FALSE",238,0.99581589958159
"EC003","TRUE",1,0.00418410041841004
"EC004","FALSE",162,0.993865030674847
"EC004","TRUE",1,0.00613496932515337
"EC005","FALSE",228,0.995633187772926
"EC005","TRUE",1,0.00436681222707424
"EC006","FALSE",242,1
"EC007","FALSE",216,0.995391705069124
"EC007","TRUE",1,0.00460829493087558
"EC008","FALSE",166,1
"EC009","FALSE",204,1
"EC010","FALSE",195,1
"EC011","FALSE",136,1
"EC012","FALSE",366,1
"EC013","FALSE",344,1
"EC014","FALSE",260,1
"EC294","FALSE",80,1
"EC300","FALSE",167,1
"EC301","FALSE",176,1
"EC302","FALSE",99,1
"EC303","FALSE",129,1
"EC304","FALSE",127,0.9921875
"EC304","TRUE",1,0.0078125
"EL056","FALSE",20,1
"EL057","FALSE",15,1
"EL058","FALSE",36,0.947368421052632
"EL058","TRUE",2,0.0526315789473684
"EL059","FALSE",20,1
"EL060","FALSE",13,0.866666666666667
"EL060","TRUE",2,0.133333333333333
"EL061","FALSE",18,1
"EL062","FALSE",42,0.954545454545455
"EL062","TRUE",2,0.0454545454545455
"EL063","FALSE",9,0.818181818181818
"EL063","TRUE",2,0.181818181818182
"EL064","FALSE",7,1
"EL065","FALSE",25,0.892857142857143
"EL065","TRUE",3,0.107142857142857
"EL066","FALSE",56,1
"EL067","FALSE",18,0.947368421052632
"EL067","TRUE",1,0.0526315789473684
"EL068","FALSE",97,0.950980392156863
"EL068","TRUE",5,0.0490196078431373
"EL069","FALSE",100,0.99009900990099
"EL069","TRUE",1,0.0099009900990099
"EL070","FALSE",85,0.988372093023256
"EL070","TRUE",1,0.0116279069767442
"EL071","FALSE",82,0.931818181818182
"EL071","TRUE",6,0.0681818181818182
"EL072","FALSE",88,1
"EL073","FALSE",125,1
"EL074","FALSE",220,0.986547085201794
"EL074","TRUE",3,0.0134529147982063
"EL075","FALSE",127,0.984496124031008
"EL075","TRUE",2,0.0155038759689922
"EL300","FALSE",166,0.976470588235294
"EL300","TRUE",4,0.0235294117647059
"EL301","FALSE",170,0.988372093023256
"EL301","TRUE",2,0.0116279069767442
"EL302","FALSE",88,0.977777777777778
"EL302","TRUE",2,0.0222222222222222
"EL303","FALSE",104,1
"EL304","FALSE",181,0.994505494505495
"EL304","TRUE",1,0.00549450549450549
"EL305","FALSE",143,0.959731543624161
"EL305","TRUE",6,0.0402684563758389
"EL306","FALSE",190,0.964467005076142
"EL306","TRUE",7,0.0355329949238579
"EL307","FALSE",211,0.995283018867924
"EL307","TRUE",1,0.00471698113207547
"EL308","FALSE",104,1
"EL309","FALSE",207,0.985714285714286
"EL309","TRUE",3,0.0142857142857143
"EL310","FALSE",162,1
"EL312","FALSE",116,1
"EL313","FALSE",137,1
"EL314","FALSE",147,0.993243243243243
"EL314","TRUE",1,0.00675675675675676
"EL315","FALSE",124,0.992
"EL315","TRUE",1,0.008
"EL316","FALSE",148,0.986666666666667
"EL316","TRUE",2,0.0133333333333333
"EL317","FALSE",238,0.987551867219917
"EL317","TRUE",3,0.012448132780083
"EN600","FALSE",114,1
"EN601","FALSE",21,1
"ER800","FALSE",27,1
"ER801","FALSE",26,1
"ER802","FALSE",39,1
"ER803","FALSE",24,0.923076923076923
"ER803","TRUE",2,0.0769230769230769
"GA001","FALSE",330,1
"GA002","FALSE",398,1
"GA003","FALSE",238,0.99581589958159
"GA003","TRUE",1,0.00418410041841004
"GA116","FALSE",27,1
"GA117","FALSE",24,0.96
"GA117","TRUE",1,0.04
"GA118","FALSE",32,0.96969696969697
"GA118","TRUE",1,0.0303030303030303
"GA119","FALSE",53,1
"GA120","FALSE",100,1
"GA121","FALSE",39,1
"GA122","FALSE",54,0.947368421052632
"GA122","TRUE",3,0.0526315789473684
"GA123","FALSE",76,1
"GA124","FALSE",143,0.953333333333333
"GA124","TRUE",7,0.0466666666666667
"GA125","FALSE",84,1
"GA126","FALSE",151,1
"GA127","FALSE",109,1
"GA128","FALSE",150,1
"GA129","FALSE",79,1
"GA130","FALSE",122,0.983870967741935
"GA130","TRUE",2,0.0161290322580645
"GA131","FALSE",95,0.989583333333333
"GA131","TRUE",1,0.0104166666666667
"GA132","FALSE",105,0.981308411214953
"GA132","TRUE",2,0.0186915887850467
"GA133","FALSE",102,0.990291262135922
"GA133","TRUE",1,0.00970873786407767
"GA134","FALSE",123,0.976190476190476
"GA134","TRUE",3,0.0238095238095238
"GA135","FALSE",9,1
"GA136","FALSE",196,0.98989898989899
"GA136","TRUE",2,0.0101010101010101
"GA137","FALSE",407,0.997549019607843
"GA137","TRUE",1,0.00245098039215686
"GA138","FALSE",348,0.988636363636364
"GA138","TRUE",4,0.0113636363636364
"GA139","FALSE",163,1
"GA140","FALSE",251,0.996031746031746
"GA140","TRUE",1,0.00396825396825397
"GA141","FALSE",486,0.991836734693878
"GA141","TRUE",4,0.00816326530612245
"GA142","FALSE",442,1
"GA143","FALSE",245,1
"GA144","FALSE",363,1
"GA145","FALSE",108,1
"GA146","FALSE",620,1
"GA147","FALSE",295,0.986622073578595
"GA147","TRUE",4,0.0133779264214047
"GA148","FALSE",178,1
"GA149","FALSE",140,0.99290780141844
"GA149","TRUE",1,0.00709219858156028
"GA150","FALSE",169,1
"GA152","FALSE",284,0.996491228070175
"GA152","TRUE",1,0.00350877192982456
"GA153","FALSE",441,1
"GA154","FALSE",265,1
"GA155","FALSE",150,0.993377483443709
"GA155","TRUE",1,0.00662251655629139
"GA156","FALSE",271,1
"GA157","FALSE",284,1
"GA158","FALSE",274,1
"GA159","FALSE",266,0.99625468164794
"GA159","TRUE",1,0.00374531835205993
"GA160","FALSE",119,0.959677419354839
"GA160","TRUE",5,0.0403225806451613
"GA161","FALSE",125,0.984251968503937
"GA161","TRUE",2,0.015748031496063
"GA162","FALSE",212,0.995305164319249
"GA162","TRUE",1,0.00469483568075117
"GA163","FALSE",225,0.995575221238938
"GA163","TRUE",1,0.00442477876106195
"GA164","FALSE",93,0.98936170212766
"GA164","TRUE",1,0.0106382978723404
"GA165","FALSE",139,0.97887323943662
"GA165","TRUE",3,0.0211267605633803
"GA166","FALSE",18,1
"GA167","FALSE",191,1
"GA168","FALSE",296,1
"GA169","FALSE",356,0.997198879551821
"GA169","TRUE",1,0.00280112044817927
"GA170","FALSE",313,1
"GA171","FALSE",341,0.997076023391813
"GA171","TRUE",1,0.00292397660818713
"GA172","FALSE",283,0.996478873239437
"GA172","TRUE",1,0.00352112676056338
"GA173","FALSE",178,1
"GA174","FALSE",183,0.994565217391304
"GA174","TRUE",1,0.00543478260869565
"GA175","FALSE",256,0.996108949416342
"GA175","TRUE",1,0.00389105058365759
"GA176","FALSE",275,1
"GA177","FALSE",179,1
"GA178","FALSE",220,0.995475113122172
"GA178","TRUE",1,0.00452488687782805
"GA179","FALSE",173,0.994252873563218
"GA179","TRUE",1,0.00574712643678161
"GA180","FALSE",226,1
"GA181","FALSE",179,1
"GA199","FALSE",67,1
"GA200","FALSE",262,0.988679245283019
"GA200","TRUE",3,0.0113207547169811
"GA201","FALSE",279,0.985865724381625
"GA201","TRUE",4,0.0141342756183746
"GA202","FALSE",373,1
"GA203","FALSE",279,0.98936170212766
"GA203","TRUE",3,0.0106382978723404
"GA204","FALSE",337,1
"GA205","FALSE",341,1
"GA206","FALSE",191,1
"GA207","FALSE",194,0.989795918367347
"GA207","TRUE",2,0.0102040816326531
"GA208","FALSE",413,0.995180722891566
"GA208","TRUE",2,0.00481927710843374
"GA209","FALSE",256,1
"GA210","FALSE",218,0.990909090909091
"GA210","TRUE",2,0.00909090909090909
"GA211","FALSE",311,1
"GA212","FALSE",320,1
"GA213","FALSE",414,1
"GA600","FALSE",49,0.98
"GA600","TRUE",1,0.02
"GA601","FALSE",90,1
"GA602","FALSE",52,1
"GA948","FALSE",216,1
"GA949","FALSE",165,1
"GB600","FALSE",34,1
"GB601","FALSE",34,0.871794871794872
"GB601","TRUE",5,0.128205128205128
"GB602","FALSE",25,0.961538461538462
"GB602","TRUE",1,0.0384615384615385
"GB603","FALSE",27,1
"GB604","FALSE",33,0.970588235294118
"GB604","TRUE",1,0.0294117647058824
"GB605","FALSE",15,1
"GB606","FALSE",62,1
"GB607","FALSE",27,1
"GB608","FALSE",16,0.761904761904762
"GB608","TRUE",5,0.238095238095238
"GC015","FALSE",174,0.994285714285714
"GC015","TRUE",1,0.00571428571428571
"GC016","FALSE",263,0.992452830188679
"GC016","TRUE",2,0.00754716981132075
"GC017","FALSE",198,0.994974874371859
"GC017","TRUE",1,0.0050251256281407
"GC018","FALSE",152,0.987012987012987
"GC018","TRUE",2,0.012987012987013
"GC295","FALSE",144,1
"GD330","FALSE",44,0.936170212765957
"GD330","TRUE",3,0.0638297872340425
"GD331","FALSE",51,0.962264150943396
"GD331","TRUE",2,0.0377358490566038
"GD332","FALSE",39,0.975
"GD332","TRUE",1,0.025
"GD333","FALSE",37,1
"GD335","FALSE",50,0.943396226415094
"GD335","TRUE",3,0.0566037735849057
"GD337","FALSE",49,0.98
"GD337","TRUE",1,0.02
"GD338","FALSE",14,0.933333333333333
"GD338","TRUE",1,0.0666666666666667
"GD339","FALSE",34,0.971428571428571
"GD339","TRUE",1,0.0285714285714286
"GD340","FALSE",83,0.943181818181818
"GD340","TRUE",5,0.0568181818181818
"GD341","FALSE",77,0.987179487179487
"GD341","TRUE",1,0.0128205128205128
"GD342","FALSE",107,0.963963963963964
"GD342","TRUE",4,0.036036036036036
"GD343","FALSE",170,0.949720670391061
"GD343","TRUE",9,0.0502793296089385
"GD344","FALSE",84,0.96551724137931
"GD344","TRUE",3,0.0344827586206897
"GD345","FALSE",50,1
"GD346","FALSE",130,0.962962962962963
"GD346","TRUE",5,0.037037037037037
"GD347","FALSE",32,0.914285714285714
"GD347","TRUE",3,0.0857142857142857
"GD348","FALSE",126,1
"GD349","FALSE",78,0.987341772151899
"GD349","TRUE",1,0.0126582278481013
"GD350","FALSE",131,0.977611940298508
"GD350","TRUE",3,0.0223880597014925
"GE696","FALSE",174,0.994285714285714
"GE696","TRUE",1,0.00571428571428571
"GE697","FALSE",43,1
"GE698","FALSE",124,1
"GE699","FALSE",74,1
"GE700","FALSE",88,0.98876404494382
"GE700","TRUE",1,0.0112359550561798
"GE701","FALSE",304,0.993464052287582
"GE701","TRUE",2,0.0065359477124183
"GE702","FALSE",144,0.972972972972973
"GE702","TRUE",4,0.027027027027027
"GE703","FALSE",229,1
"GE704","FALSE",91,0.989130434782609
"GE704","TRUE",1,0.0108695652173913
"GE705","FALSE",186,1
"GE706","FALSE",155,0.993589743589744
"GE706","TRUE",1,0.00641025641025641
"GE707","FALSE",167,0.988165680473373
"GE707","TRUE",2,0.0118343195266272
"GE708","FALSE",158,1
"GE709","FALSE",181,0.994505494505495
"GE709","TRUE",1,0.00549450549450549
"GE710","FALSE",160,1
"GE711","FALSE",197,1
"GE712","FALSE",124,1
"GE713","FALSE",92,0.989247311827957
"GE713","TRUE",1,0.010752688172043
"GE714","FALSE",204,1
"GE715","FALSE",202,1
"GE716","FALSE",197,1
"GE717","FALSE",72,0.972972972972973
"GE717","TRUE",2,0.027027027027027
"GE718","FALSE",57,1
"GE719","FALSE",36,0.782608695652174
"GE719","TRUE",10,0.217391304347826
"GE720","FALSE",129,0.955555555555556
"GE720","TRUE",6,0.0444444444444444
"GE721","FALSE",106,0.938053097345133
"GE721","TRUE",7,0.0619469026548673
"GE722","FALSE",112,0.991150442477876
"GE722","TRUE",1,0.00884955752212389
"GE848","FALSE",49,0.942307692307692
"GE848","TRUE",3,0.0576923076923077
"GL073","FALSE",33,1
"GL074","FALSE",15,1
"GL075","FALSE",32,1
"GL076","FALSE",37,1
"GL077","FALSE",8,1
"GL078","FALSE",49,0.907407407407407
"GL078","TRUE",5,0.0925925925925926
"GL079","FALSE",10,1
"GL080","FALSE",25,1
"GL300","FALSE",86,1
"GL301","FALSE",54,1
"GL302","FALSE",68,0.985507246376812
"GL302","TRUE",1,0.0144927536231884
"GL303","FALSE",83,0.988095238095238
"GL303","TRUE",1,0.0119047619047619
"GL304","FALSE",44,1
"GL305","FALSE",68,0.985507246376812
"GL305","TRUE",1,0.0144927536231884
"GL306","FALSE",47,1
"GL307","FALSE",55,1
"GL308","FALSE",43,0.977272727272727
"GL308","TRUE",1,0.0227272727272727
"GL309","FALSE",78,0.975
"GL309","TRUE",2,0.025
"GL310","FALSE",45,1
"GL311","FALSE",102,0.990291262135922
"GL311","TRUE",1,0.00970873786407767
"GL312","FALSE",37,1
"GL313","FALSE",78,1
"GL314","FALSE",84,1
"GL315","FALSE",89,1
"GL316","FALSE",35,1
"GL317","FALSE",116,1
"GL318","FALSE",95,1
"GL319","FALSE",55,1
"GL320","FALSE",42,1
"GL321","FALSE",82,1
"GL322","FALSE",91,1
"GL323","FALSE",125,1
"GL324","FALSE",109,0.990909090909091
"GL324","TRUE",1,0.00909090909090909
"GL325","FALSE",111,0.982300884955752
"GL325","TRUE",2,0.0176991150442478
"GL326","FALSE",164,1
"GN600","FALSE",262,1
"GN601","FALSE",183,1
"GN602","FALSE",363,1
"GN603","FALSE",86,1
"GN604","FALSE",279,1
"GN605","FALSE",346,1
"GN606","FALSE",289,1
"GN607","FALSE",71,1
"GN608","FALSE",202,1
"GR020","FALSE",135,1
"GR021","FALSE",263,0.992452830188679
"GR021","TRUE",2,0.00754716981132075
"GR022","FALSE",124,1
"GR023","FALSE",118,1
"GR024","FALSE",129,0.992307692307692
"GR024","TRUE",1,0.00769230769230769
"GR025","FALSE",84,1
"GR026","FALSE",96,0.989690721649485
"GR026","TRUE",1,0.0103092783505155
"GR027","FALSE",194,1
"GR028","FALSE",27,1
"GR029","FALSE",25,1
"GR030","FALSE",38,0.974358974358974
"GR030","TRUE",1,0.0256410256410256
"GR031","FALSE",44,0.956521739130435
"GR031","TRUE",2,0.0434782608695652
"GR032","FALSE",11,1
"GR033","FALSE",181,0.967914438502674
"GR033","TRUE",6,0.0320855614973262
"GR034","FALSE",74,1
"GR035","FALSE",86,1
"GR036","FALSE",149,0.973856209150327
"GR036","TRUE",4,0.0261437908496732
"GR037","FALSE",155,1
"GR109","FALSE",10,0.909090909090909
"GR109","TRUE",1,0.0909090909090909
"GR110","FALSE",13,1
"GR119","FALSE",23,0.92
"GR119","TRUE",2,0.08
"GR120","FALSE",54,0.885245901639344
"GR120","TRUE",7,0.114754098360656
"GR121","FALSE",85,1
"GR122","FALSE",30,0.967741935483871
"GR122","TRUE",1,0.032258064516129
"GR123","FALSE",76,0.974358974358974
"GR123","TRUE",2,0.0256410256410256
"GR124","FALSE",55,0.901639344262295
"GR124","TRUE",6,0.0983606557377049
"GR125","FALSE",71,0.946666666666667
"GR125","TRUE",4,0.0533333333333333
"GR126","FALSE",76,0.95
"GR126","TRUE",4,0.05
"GR403","FALSE",82,0.987951807228916
"GR403","TRUE",1,0.0120481927710843
"GR404","FALSE",68,1
"GR405","FALSE",72,1
"GR406","FALSE",49,1
"GR407","FALSE",28,1
"GR408","FALSE",16,0.941176470588235
"GR408","TRUE",1,0.0588235294117647
"GR409","FALSE",18,1
"GR800","FALSE",19,1
"GR801","FALSE",18,1
"HA001","FALSE",197,0.994949494949495
"HA001","TRUE",1,0.00505050505050505
"HA002","FALSE",179,1
"HA003","FALSE",183,1
"HA004","FALSE",277,1
"HA005","FALSE",191,1
"HA006","FALSE",200,1
"HA007","FALSE",293,1
"HA008","FALSE",483,1
"HA010","FALSE",327,1
"HA011","FALSE",423,0.995294117647059
"HA011","TRUE",2,0.00470588235294118
"HA012","FALSE",187,1
"HA013","FALSE",141,0.992957746478873
"HA013","TRUE",1,0.00704225352112676
"HA014","FALSE",408,1
"HA015","FALSE",254,1
"HA016","FALSE",306,1
"HA017","FALSE",368,1
"HA019","FALSE",225,0.991189427312775
"HA019","TRUE",2,0.00881057268722467
"HA020","FALSE",311,1
"HA021","FALSE",353,1
"HA022","FALSE",405,1
"HA023","FALSE",190,0.994764397905759
"HA023","TRUE",1,0.00523560209424084
"HA024","FALSE",385,1
"HA025","FALSE",264,0.99622641509434
"HA025","TRUE",1,0.00377358490566038
"HA026","FALSE",373,1
"HA027","FALSE",263,1
"HA028","FALSE",412,1
"HA029","FALSE",188,0.994708994708995
"HA029","TRUE",1,0.00529100529100529
"HA030","FALSE",246,0.987951807228916
"HA030","TRUE",3,0.0120481927710843
"HA031","FALSE",170,0.982658959537572
"HA031","TRUE",3,0.0173410404624277
"HA223","FALSE",5,0.833333333333333
"HA223","TRUE",1,0.166666666666667
"HA234","FALSE",19,1
"HA236","FALSE",5,0.833333333333333
"HA236","TRUE",1,0.166666666666667
"HA237","FALSE",17,1
"HA238","FALSE",26,1
"HA239","FALSE",67,0.943661971830986
"HA239","TRUE",4,0.0563380281690141
"HA240","FALSE",65,1
"HA241","FALSE",58,1
"HA242","FALSE",52,1
"HA243","FALSE",111,1
"HA244","FALSE",156,0.987341772151899
"HA244","TRUE",2,0.0126582278481013
"HA245","FALSE",131,1
"HA246","FALSE",35,1
"HA247","FALSE",56,1
"HA249","FALSE",79,0.94047619047619
"HA249","TRUE",5,0.0595238095238095
"HA250","FALSE",209,0.990521327014218
"HA250","TRUE",2,0.00947867298578199
"HA251","FALSE",98,1
"HA252","FALSE",103,1
"HA254","FALSE",204,1
"HA255","FALSE",82,1
"HA256","FALSE",227,0.995614035087719
"HA256","TRUE",1,0.0043859649122807
"HA257","FALSE",159,1
"HA258","FALSE",164,1
"HA259","FALSE",135,1
"HA260","FALSE",108,1
"HA261","FALSE",14,1
"HA262","FALSE",49,1
"HA263","FALSE",120,1
"HA264","FALSE",72,1
"HA265","FALSE",266,0.981549815498155
"HA265","TRUE",5,0.018450184501845
"HA266","FALSE",286,1
"HA267","FALSE",113,0.991228070175439
"HA267","TRUE",1,0.0087719298245614
"HA268","FALSE",137,0.971631205673759
"HA268","TRUE",4,0.0283687943262411
"HA269","FALSE",105,1
"HA270","FALSE",114,1
"HA272","FALSE",15,1
"HA273","FALSE",190,1
"HA274","FALSE",108,1
"HA275","FALSE",5,0.833333333333333
"HA275","TRUE",1,0.166666666666667
"HA276","FALSE",109,1
"HA277","FALSE",128,0.977099236641221
"HA277","TRUE",3,0.0229007633587786
"HA278","FALSE",230,1
"HA279","FALSE",15,1
"HA280","FALSE",141,1
"HA281","FALSE",127,1
"HA282","FALSE",221,1
"HA283","FALSE",147,0.993243243243243
"HA283","TRUE",1,0.00675675675675676
"HA284","FALSE",189,1
"HA285","FALSE",180,1
"HA286","FALSE",105,0.990566037735849
"HA286","TRUE",1,0.00943396226415094
"HA287","FALSE",236,0.9957805907173
"HA287","TRUE",1,0.00421940928270042
"HA288","FALSE",259,1
"HA289","FALSE",174,1
"HA290","FALSE",243,1
"HA291","FALSE",308,1
"HA292","FALSE",240,1
"HA293","FALSE",266,0.99625468164794
"HA293","TRUE",1,0.00374531835205993
"HA294","FALSE",96,1
"HA295","FALSE",160,0.993788819875776
"HA295","TRUE",1,0.0062111801242236
"HA296","FALSE",236,0.9957805907173
"HA296","TRUE",1,0.00421940928270042
"HA297","FALSE",214,1
"HA298","FALSE",94,1
"HA299","FALSE",150,1
"HA310","FALSE",67,0.985294117647059
"HA310","TRUE",1,0.0147058823529412
"HA311","FALSE",121,1
"HA312","FALSE",65,1
"HA600","FALSE",83,1
"HA601","FALSE",24,0.96
"HA601","TRUE",1,0.04
"HA602","FALSE",59,0.983333333333333
"HA602","TRUE",1,0.0166666666666667
"HA603","FALSE",128,0.992248062015504
"HA603","TRUE",1,0.00775193798449612
"HA604","FALSE",80,0.975609756097561
"HA604","TRUE",2,0.024390243902439
"HA605","FALSE",103,1
"HA606","FALSE",141,0.986013986013986
"HA606","TRUE",2,0.013986013986014
"HA607","FALSE",114,1
"HA608","FALSE",73,1
"HA609","FALSE",59,1
"HA610","FALSE",153,1
"HA611","FALSE",68,1
"HA612","FALSE",37,1
"HA613","FALSE",145,1
"HA614","FALSE",92,0.978723404255319
"HA614","TRUE",2,0.0212765957446809
"HA615","FALSE",165,0.993975903614458
"HA615","TRUE",1,0.00602409638554217
"HA616","FALSE",100,1
"HA617","FALSE",98,0.98989898989899
"HA617","TRUE",1,0.0101010101010101
"HA618","FALSE",87,0.97752808988764
"HA618","TRUE",2,0.0224719101123595
"HA619","FALSE",96,1
"HA918","FALSE",60,1
"HA920","FALSE",39,1
"HA921","FALSE",11,1
"HA922","FALSE",17,1
"HA924","FALSE",2,1
"HB300","FALSE",65,1
"HB301","FALSE",57,0.982758620689655
"HB301","TRUE",1,0.0172413793103448
"HB302","FALSE",79,1
"HB600","FALSE",48,0.96
"HB600","TRUE",2,0.04
"HB601","FALSE",120,0.983606557377049
"HB601","TRUE",2,0.0163934426229508
"HB602","FALSE",109,0.964601769911504
"HB602","TRUE",4,0.0353982300884956
"HB603","FALSE",126,0.947368421052632
"HB603","TRUE",7,0.0526315789473684
"HB604","FALSE",118,0.975206611570248
"HB604","TRUE",3,0.0247933884297521
"HB605","FALSE",75,0.852272727272727
"HB605","TRUE",13,0.147727272727273
"HB606","FALSE",67,0.943661971830986
"HB606","TRUE",4,0.0563380281690141
"HC300","FALSE",146,1
"HC301","FALSE",135,1
"HC302","FALSE",131,1
"HC303","FALSE",187,1
"HC850","FALSE",394,1
"HC851","FALSE",221,1
"HD228","FALSE",9,1
"HD229","FALSE",73,0.960526315789474
"HD229","TRUE",3,0.0394736842105263
"HD230","FALSE",71,0.946666666666667
"HD230","TRUE",4,0.0533333333333333
"HD231","FALSE",58,0.966666666666667
"HD231","TRUE",2,0.0333333333333333
"HD232","FALSE",64,0.984615384615385
"HD232","TRUE",1,0.0153846153846154
"HD235","FALSE",81,0.952941176470588
"HD235","TRUE",4,0.0470588235294118
"HD236","FALSE",53,0.963636363636364
"HD236","TRUE",2,0.0363636363636364
"HD237","FALSE",69,0.971830985915493
"HD237","TRUE",2,0.028169014084507
"HD238","FALSE",42,0.954545454545455
"HD238","TRUE",2,0.0454545454545455
"HD239","FALSE",39,0.975
"HD239","TRUE",1,0.025
"HD240","FALSE",125,0.9765625
"HD240","TRUE",3,0.0234375
"HD241","FALSE",130,0.977443609022556
"HD241","TRUE",3,0.0225563909774436
"HD242","FALSE",39,1
"HD243","FALSE",197,0.985
"HD243","TRUE",3,0.015
"HD244","FALSE",142,1
"HD245","FALSE",159,1
"HD246","FALSE",73,0.890243902439024
"HD246","TRUE",9,0.109756097560976
"HD247","FALSE",172,0.988505747126437
"HD247","TRUE",2,0.0114942528735632
"HD248","FALSE",154,0.993548387096774
"HD248","TRUE",1,0.00645161290322581
"HD249","FALSE",116,0.983050847457627
"HD249","TRUE",2,0.0169491525423729
"HD250","FALSE",119,0.991666666666667
"HD250","TRUE",1,0.00833333333333333
"HD251","FALSE",192,0.994818652849741
"HD251","TRUE",1,0.00518134715025907
"HD252","FALSE",152,0.980645161290323
"HD252","TRUE",3,0.0193548387096774
"HE689","FALSE",122,1
"HE699","FALSE",181,0.994505494505495
"HE699","TRUE",1,0.00549450549450549
"HE700","FALSE",87,0.988636363636364
"HE700","TRUE",1,0.0113636363636364
"HE701","FALSE",128,0.992248062015504
"HE701","TRUE",1,0.00775193798449612
"HE702","FALSE",211,0.981395348837209
"HE702","TRUE",4,0.0186046511627907
"HE703","FALSE",208,1
"HE704","FALSE",221,0.986607142857143
"HE704","TRUE",3,0.0133928571428571
"HE705","FALSE",154,0.987179487179487
"HE705","TRUE",2,0.0128205128205128
"HE706","FALSE",310,0.990415335463259
"HE706","TRUE",3,0.00958466453674121
"HE707","FALSE",95,0.904761904761905
"HE707","TRUE",10,0.0952380952380952
"HE708","FALSE",113,0.933884297520661
"HE708","TRUE",8,0.0661157024793388
"HE709","FALSE",126,0.976744186046512
"HE709","TRUE",3,0.0232558139534884
"HE710","FALSE",71,0.922077922077922
"HE710","TRUE",6,0.0779220779220779
"HE711","FALSE",66,0.916666666666667
"HE711","TRUE",6,0.0833333333333333
"HE712","FALSE",86,0.955555555555556
"HE712","TRUE",4,0.0444444444444444
"HE840","FALSE",41,0.976190476190476
"HE840","TRUE",1,0.0238095238095238
"HE841","FALSE",36,0.972972972972973
"HE841","TRUE",1,0.027027027027027
"HL101","FALSE",18,1
"HL102","FALSE",13,1
"HL103","FALSE",9,1
"HL104","FALSE",2,1
"HL105","FALSE",23,0.92
"HL105","TRUE",2,0.08
"HL106","FALSE",6,1
"HL108","FALSE",2,1
"HL109","FALSE",1,1
"HL110","FALSE",1,1
"HL111","FALSE",12,1
"HL113","FALSE",13,1
"HL114","FALSE",34,1
"HL115","FALSE",2,0.666666666666667
"HL115","TRUE",1,0.333333333333333
"HL116","FALSE",54,0.931034482758621
"HL116","TRUE",4,0.0689655172413793
"HL117","FALSE",36,0.73469387755102
"HL117","TRUE",13,0.26530612244898
"HL118","FALSE",29,0.935483870967742
"HL118","TRUE",2,0.0645161290322581
"HL300","FALSE",60,0.967741935483871
"HL300","TRUE",2,0.032258064516129
"HL301","FALSE",107,1
"HL302","FALSE",112,0.991150442477876
"HL302","TRUE",1,0.00884955752212389
"HL303","FALSE",56,0.982456140350877
"HL303","TRUE",1,0.0175438596491228
"HL304","FALSE",81,0.964285714285714
"HL304","TRUE",3,0.0357142857142857
"HL305","FALSE",76,0.974358974358974
"HL305","TRUE",2,0.0256410256410256
"HL306","FALSE",85,1
"HL307","FALSE",84,1
"HL308","FALSE",84,1
"HL309","FALSE",65,0.955882352941177
"HL309","TRUE",3,0.0441176470588235
"HL310","FALSE",93,1
"HL311","FALSE",51,1
"HL312","FALSE",66,0.970588235294118
"HL312","TRUE",2,0.0294117647058824
"HL313","FALSE",59,0.967213114754098
"HL313","TRUE",2,0.0327868852459016
"HL314","FALSE",82,1
"HL315","FALSE",70,0.972222222222222
"HL315","TRUE",2,0.0277777777777778
"HL316","FALSE",66,0.970588235294118
"HL316","TRUE",2,0.0294117647058824
"HL318","FALSE",86,0.955555555555556
"HL318","TRUE",4,0.0444444444444444
"HL319","FALSE",62,0.984126984126984
"HL319","TRUE",1,0.0158730158730159
"HL320","FALSE",61,1
"HL321","FALSE",111,0.982300884955752
"HL321","TRUE",2,0.0176991150442478
"HL322","FALSE",101,1
"HL323","FALSE",106,1
"HL324","FALSE",90,0.978260869565217
"HL324","TRUE",2,0.0217391304347826
"HL325","FALSE",92,1
"HL326","FALSE",128,1
"HL327","FALSE",112,1
"HL328","FALSE",93,1
"HN403","FALSE",236,1
"HN603","FALSE",159,1
"HN604","FALSE",221,1
"HN605","FALSE",72,1
"HN606","FALSE",104,1
"HN607","FALSE",170,1
"HN608","FALSE",270,1
"HN609","FALSE",175,1
"HN610","FALSE",224,1
"HN611","FALSE",25,1
"HN612","FALSE",167,1
"HN614","FALSE",268,1
"HN615","FALSE",211,1
"HN616","FALSE",169,1
"HN617","FALSE",320,1
"HR028","FALSE",143,0.993055555555556
"HR028","TRUE",1,0.00694444444444444
"HR029","FALSE",73,1
"HR030","FALSE",159,1
"HR031","FALSE",66,1
"HR032","FALSE",169,1
"HR033","FALSE",118,1
"HR034","FALSE",97,1
"HR035","FALSE",114,1
"HR036","FALSE",66,1
"HR039","FALSE",8,1
"HR041","FALSE",200,1
"HR042","FALSE",116,1
"HR043","FALSE",157,1
"HR044","FALSE",105,1
"HR045","FALSE",166,1
"HR113","FALSE",31,0.96875
"HR113","TRUE",1,0.03125
"HR114","FALSE",5,0.454545454545455
"HR114","TRUE",6,0.545454545454545
"HR115","FALSE",7,1
"HR116","FALSE",24,0.888888888888889
"HR116","TRUE",3,0.111111111111111
"HR117","FALSE",43,0.955555555555556
"HR117","TRUE",2,0.0444444444444444
"HR118","FALSE",58,0.950819672131147
"HR118","TRUE",3,0.0491803278688525
"HR119","FALSE",110,0.990990990990991
"HR119","TRUE",1,0.00900900900900901
"HR120","FALSE",43,0.977272727272727
"HR120","TRUE",1,0.0227272727272727
"HR407","FALSE",57,0.934426229508197
"HR407","TRUE",4,0.0655737704918033
"HR408","FALSE",96,0.989690721649485
"HR408","TRUE",1,0.0103092783505155
"HR409","FALSE",43,1
"HR410","FALSE",77,0.987179487179487
"HR410","TRUE",1,0.0128205128205128
"HR411","FALSE",70,1
"HR412","FALSE",53,1
"HR413","FALSE",35,0.972222222222222
"HR413","TRUE",1,0.0277777777777778
"HR414","FALSE",112,1
"HR415","FALSE",87,1
"HR416","FALSE",166,1
"HR417","FALSE",216,0.995391705069124
"HR417","TRUE",1,0.00460829493087558
"HR596","FALSE",49,0.942307692307692
"HR596","TRUE",3,0.0576923076923077
"HR801","FALSE",26,1
"HR803","FALSE",51,0.980769230769231
"HR803","TRUE",1,0.0192307692307692
"HR804","FALSE",29,0.966666666666667
"HR804","TRUE",1,0.0333333333333333
"JA001","FALSE",272,1
"JA002","FALSE",63,1
"JA003","FALSE",174,1
"JA004","FALSE",75,1
"JA005","FALSE",148,1
"JA006","FALSE",208,1
"JA007","FALSE",159,1
"JA008","FALSE",88,1
"JA009","FALSE",203,1
"JA010","FALSE",295,1
"JA011","FALSE",106,0.981481481481482
"JA011","TRUE",2,0.0185185185185185
"JA012","FALSE",218,1
"JA013","FALSE",321,1
"JA014","FALSE",194,1
"JA015","FALSE",589,1
"JA016","FALSE",229,1
"JA017","FALSE",313,1
"JA018","FALSE",165,1
"JA019","FALSE",147,1
"JA020","FALSE",188,1
"JA021","FALSE",141,1
"JA022","FALSE",173,1
"JA023","FALSE",181,1
"JA024","FALSE",330,1
"JA025","FALSE",152,0.987012987012987
"JA025","TRUE",2,0.012987012987013
"JA026","FALSE",193,0.98974358974359
"JA026","TRUE",2,0.0102564102564103
"JA027","FALSE",136,0.992700729927007
"JA027","TRUE",1,0.0072992700729927
"JA300","FALSE",118,0.991596638655462
"JA300","TRUE",1,0.00840336134453781
"JA600","FALSE",89,1
"JA601","FALSE",77,0.987179487179487
"JA601","TRUE",1,0.0128205128205128
"JA850","FALSE",12,1
"JA851","FALSE",19,1
"JB301","FALSE",148,0.980132450331126
"JB301","TRUE",3,0.0198675496688742
"JB302","FALSE",135,0.992647058823529
"JB302","TRUE",1,0.00735294117647059
"JB499","FALSE",39,1
"JB600","FALSE",51,0.980769230769231
"JB600","TRUE",1,0.0192307692307692
"JB601","FALSE",74,0.973684210526316
"JB601","TRUE",2,0.0263157894736842
"JB602","FALSE",95,0.989583333333333
"JB602","TRUE",1,0.0104166666666667
"JB603","FALSE",45,0.9375
"JB603","TRUE",3,0.0625
"JB604","FALSE",62,0.939393939393939
"JB604","TRUE",4,0.0606060606060606
"JB605","FALSE",62,0.939393939393939
"JB605","TRUE",4,0.0606060606060606
"JB606","FALSE",66,0.970588235294118
"JB606","TRUE",2,0.0294117647058824
"JC001","FALSE",161,0.993827160493827
"JC001","TRUE",1,0.00617283950617284
"JC002","FALSE",71,1
"JC003","FALSE",168,0.994082840236686
"JC003","TRUE",1,0.00591715976331361
"JC004","FALSE",194,1
"JC005","FALSE",148,0.986666666666667
"JC005","TRUE",2,0.0133333333333333
"JC006","FALSE",78,1
"JC007","FALSE",109,1
"JC008","FALSE",185,1
"JC009","FALSE",3,1
"JC010","FALSE",195,1
"JC011","FALSE",97,1
"JC012","FALSE",195,0.970149253731343
"JC012","TRUE",6,0.0298507462686567
"JC013","FALSE",56,1
"JC014","FALSE",106,1
"JC300","FALSE",31,1
"JC301","FALSE",92,0.968421052631579
"JC301","TRUE",3,0.0315789473684211
"JC302","FALSE",114,0.982758620689655
"JC302","TRUE",2,0.0172413793103448
"JC303","FALSE",32,0.941176470588235
"JC303","TRUE",2,0.0588235294117647
"JC304","FALSE",72,0.888888888888889
"JC304","TRUE",9,0.111111111111111
"JC305","FALSE",109,0.981981981981982
"JC305","TRUE",2,0.018018018018018
"JC306","FALSE",162,1
"JC307","FALSE",80,0.952380952380952
"JC307","TRUE",4,0.0476190476190476
"JC308","FALSE",53,0.946428571428571
"JC308","TRUE",3,0.0535714285714286
"JC309","FALSE",99,0.933962264150943
"JC309","TRUE",7,0.0660377358490566
"JC310","FALSE",113,0.965811965811966
"JC310","TRUE",4,0.0341880341880342
"JC311","FALSE",138,0.992805755395683
"JC311","TRUE",1,0.00719424460431655
"JC312","FALSE",124,0.976377952755906
"JC312","TRUE",3,0.0236220472440945
"JC313","FALSE",92,0.989247311827957
"JC313","TRUE",1,0.010752688172043
"JC314","FALSE",126,0.976744186046512
"JC314","TRUE",3,0.0232558139534884
"JC315","FALSE",165,0.988023952095808
"JC315","TRUE",2,0.0119760479041916
"JC316","FALSE",85,1
"JC317","FALSE",95,0.969387755102041
"JC317","TRUE",3,0.0306122448979592
"JC600","FALSE",26,0.928571428571429
"JC600","TRUE",2,0.0714285714285714
"JC601","FALSE",38,0.926829268292683
"JC601","TRUE",3,0.0731707317073171
"JC602","FALSE",40,0.930232558139535
"JC602","TRUE",3,0.0697674418604651
"JC603","FALSE",89,1
"JC604","FALSE",94,1
"JC850","FALSE",88,1
"JC851","FALSE",123,1
"JC852","FALSE",69,1
"JC853","FALSE",113,1
"JC854","FALSE",263,0.988721804511278
"JC854","TRUE",3,0.0112781954887218
"JC855","FALSE",140,1
"JC856","FALSE",118,1
"JC857","FALSE",210,1
"JC858","FALSE",226,1
"JC859","FALSE",166,1
"JC860","FALSE",221,1
"JC861","FALSE",246,1
"JC862","FALSE",175,1
"JC863","FALSE",95,1
"JC864","FALSE",191,1
"JC865","FALSE",9,1
"JC866","FALSE",87,1
"JL300","FALSE",8,1
"JL301","FALSE",10,1
"JL310","FALSE",9,0.692307692307692
"JL310","TRUE",4,0.307692307692308
"JL311","FALSE",1,1
"JL312","FALSE",20,0.952380952380952
"JL312","TRUE",1,0.0476190476190476
"JL316","FALSE",1,1
"JL317","FALSE",1,1
"JL318","FALSE",4,1
"JL499","FALSE",26,1
"JL600","FALSE",26,1
"JL601","FALSE",41,0.953488372093023
"JL601","TRUE",2,0.0465116279069767
"KA600","FALSE",137,1
"KA601","FALSE",139,0.97887323943662
"KA601","TRUE",3,0.0211267605633803
"KA602","FALSE",172,0.982857142857143
"KA602","TRUE",3,0.0171428571428571
"KA603","FALSE",273,0.982014388489209
"KA603","TRUE",5,0.0179856115107914
"KA604","FALSE",314,0.987421383647799
"KA604","TRUE",4,0.0125786163522013
"KA605","FALSE",226,0.986899563318777
"KA605","TRUE",3,0.0131004366812227
"KA689","FALSE",115,0.991379310344828
"KA689","TRUE",1,0.00862068965517241
"KA690","FALSE",144,0.993103448275862
"KA690","TRUE",1,0.00689655172413793
"KA691","FALSE",25,0.961538461538462
"KA691","TRUE",1,0.0384615384615385
"KA692","FALSE",55,0.982142857142857
"KA692","TRUE",1,0.0178571428571429
"KA693","FALSE",36,0.972972972972973
"KA693","TRUE",1,0.027027027027027
"KA694","FALSE",9,1
"KA695","FALSE",36,1
"KA696","FALSE",4,1
"KA697","FALSE",84,0.988235294117647
"KA697","TRUE",1,0.0117647058823529
"KA698","FALSE",85,1
"KA699","FALSE",98,0.942307692307692
"KA699","TRUE",6,0.0576923076923077
"KB499","FALSE",42,1
"KB600","FALSE",76,1
"KB601","FALSE",64,0.901408450704225
"KB601","TRUE",7,0.0985915492957746
"KB602","FALSE",63,0.954545454545455
"KB602","TRUE",3,0.0454545454545455
"KB603","FALSE",67,0.957142857142857
"KB603","TRUE",3,0.0428571428571429
"KB604","FALSE",76,0.962025316455696
"KB604","TRUE",3,0.0379746835443038
"KB605","FALSE",55,0.887096774193548
"KB605","TRUE",7,0.112903225806452
"KB693","FALSE",28,0.848484848484849
"KB693","TRUE",5,0.151515151515152
"KB694","FALSE",13,1
"KB695","FALSE",18,0.9
"KB695","TRUE",2,0.1
"KB696","FALSE",13,0.866666666666667
"KB696","TRUE",2,0.133333333333333
"KB697","FALSE",50,0.961538461538462
"KB697","TRUE",2,0.0384615384615385
"KB698","FALSE",20,1
"KB699","FALSE",33,0.767441860465116
"KB699","TRUE",10,0.232558139534884
"KC001","FALSE",239,0.995833333333333
"KC001","TRUE",1,0.00416666666666667
"KC002","FALSE",257,0.996124031007752
"KC002","TRUE",1,0.00387596899224806
"KC498","FALSE",119,1
"KE700","FALSE",177,0.988826815642458
"KE700","TRUE",2,0.0111731843575419
"KE840","FALSE",39,1
"KE841","FALSE",127,1
"KE842","FALSE",176,1
"KE843","FALSE",153,1
"KE844","FALSE",119,1
"KE845","FALSE",172,1
"KE846","FALSE",134,0.943661971830986
"KE846","TRUE",8,0.0563380281690141
"KE847","FALSE",188,0.989473684210526
"KE847","TRUE",2,0.0105263157894737
"KE848","FALSE",138,1
"KE849","FALSE",177,0.967213114754098
"KE849","TRUE",6,0.0327868852459016
"LA001","FALSE",118,1
"LA002","FALSE",90,1
"LA003","FALSE",345,1
"LA004","FALSE",67,1
"LA005","FALSE",118,1
"LA006","FALSE",439,1
"LA007","FALSE",365,1
"LA008","FALSE",54,1
"LA009","FALSE",214,1
"LA010","FALSE",172,1
"LA011","FALSE",359,1
"LA012","FALSE",204,1
"LA050","FALSE",58,1
"LA053","FALSE",78,1
"LA054","FALSE",37,1
"LA055","FALSE",43,1
"LA056","FALSE",81,1
"LA850","FALSE",593,1
"LA851","FALSE",539,1
"LB300","FALSE",49,1
"LB600","FALSE",113,0.91869918699187
"LB600","TRUE",10,0.0813008130081301
"LB601","FALSE",135,0.964285714285714
"LB601","TRUE",5,0.0357142857142857
"LB602","FALSE",170,0.965909090909091
"LB602","TRUE",6,0.0340909090909091
"LB603","FALSE",179,0.978142076502732
"LB603","TRUE",4,0.0218579234972678
"LB605","FALSE",26,0.962962962962963
"LB605","TRUE",1,0.037037037037037
"LC009","FALSE",143,0.979452054794521
"LC009","TRUE",3,0.0205479452054795
"LC010","FALSE",106,0.981481481481482
"LC010","TRUE",2,0.0185185185185185
"LC011","FALSE",180,0.994475138121547
"LC011","TRUE",1,0.00552486187845304
"LC012","FALSE",250,1
"LC013","FALSE",101,0.935185185185185
"LC013","TRUE",7,0.0648148148148148
"LC014","FALSE",195,0.979899497487437
"LC014","TRUE",4,0.0201005025125628
"LC015","FALSE",122,1
"LC016","FALSE",89,0.988888888888889
"LC016","TRUE",1,0.0111111111111111
"LC017","FALSE",273,1
"LC018","FALSE",213,0.990697674418605
"LC018","TRUE",2,0.00930232558139535
"LC019","FALSE",98,1
"LC020","FALSE",176,0.994350282485876
"LC020","TRUE",1,0.00564971751412429
"LC021","FALSE",236,1
"LC022","FALSE",142,0.986111111111111
"LC022","TRUE",2,0.0138888888888889
"LC026","FALSE",203,1
"LC027","FALSE",165,0.970588235294118
"LC027","TRUE",5,0.0294117647058824
"LC028","FALSE",201,0.985294117647059
"LC028","TRUE",3,0.0147058823529412
"LC029","FALSE",215,0.99537037037037
"LC029","TRUE",1,0.00462962962962963
"LC070","FALSE",17,1
"LC072","FALSE",128,0.992248062015504
"LC072","TRUE",1,0.00775193798449612
"LC073","FALSE",155,0.974842767295597
"LC073","TRUE",4,0.0251572327044025
"LC301","FALSE",141,0.979166666666667
"LC301","TRUE",3,0.0208333333333333
"LC302","FALSE",183,0.968253968253968
"LC302","TRUE",6,0.0317460317460317
"LC303","FALSE",161,0.975757575757576
"LC303","TRUE",4,0.0242424242424242
"LC304","FALSE",319,0.981538461538462
"LC304","TRUE",6,0.0184615384615385
"LC500","FALSE",317,0.981424148606811
"LC500","TRUE",6,0.0185758513931889
"LC505","FALSE",121,0.991803278688525
"LC505","TRUE",1,0.00819672131147541
"LC506","FALSE",171,0.95
"LC506","TRUE",9,0.05
"LC507","FALSE",131,0.984962406015038
"LC507","TRUE",2,0.0150375939849624
"LC850","FALSE",166,1
"LC851","FALSE",334,1
"LC852","FALSE",160,1
"LD001","FALSE",25,0.735294117647059
"LD001","TRUE",9,0.264705882352941
"LD003","FALSE",3,1
"LD004","FALSE",34,0.871794871794872
"LD004","TRUE",5,0.128205128205128
"LE700","FALSE",136,0.918918918918919
"LE700","TRUE",12,0.0810810810810811
"LE701","FALSE",68,0.829268292682927
"LE701","TRUE",14,0.170731707317073
"LE702","FALSE",127,0.900709219858156
"LE702","TRUE",14,0.099290780141844
"LE703","FALSE",153,0.980769230769231
"LE703","TRUE",3,0.0192307692307692
"LE704","FALSE",117,0.921259842519685
"LE704","TRUE",10,0.078740157480315
"LE705","FALSE",18,1
"LE706","FALSE",176,0.936170212765957
"LE706","TRUE",12,0.0638297872340425
"LE707","FALSE",163,0.910614525139665
"LE707","TRUE",16,0.0893854748603352
"LE708","FALSE",138,0.907894736842105
"LE708","TRUE",14,0.0921052631578947
"LE709","FALSE",119,0.908396946564885
"LE709","TRUE",12,0.0916030534351145
"LE710","FALSE",113,0.862595419847328
"LE710","TRUE",18,0.137404580152672
"LL029","FALSE",31,0.96875
"LL029","TRUE",1,0.03125
"LL030","FALSE",5,1
"LL031","FALSE",58,0.90625
"LL031","TRUE",6,0.09375
"LL300","FALSE",112,0.949152542372881
"LL300","TRUE",6,0.0508474576271186
"LL301","FALSE",133,0.977941176470588
"LL301","TRUE",3,0.0220588235294118
"LL302","FALSE",232,0.995708154506438
"LL302","TRUE",1,0.00429184549356223
"LL303","FALSE",113,0.933884297520661
"LL303","TRUE",8,0.0661157024793388
"LL304","FALSE",195,0.979899497487437
"LL304","TRUE",4,0.0201005025125628
"LL305","FALSE",85,0.955056179775281
"LL305","TRUE",4,0.0449438202247191
"LL306","FALSE",128,0.934306569343066
"LL306","TRUE",9,0.0656934306569343
"LL307","FALSE",136,0.985507246376812
"LL307","TRUE",2,0.0144927536231884
"LL308","FALSE",135,0.957446808510638
"LL308","TRUE",6,0.0425531914893617
"LL698","FALSE",106,0.954954954954955
"LL698","TRUE",5,0.045045045045045
"LN001","FALSE",145,0.960264900662252
"LN001","TRUE",6,0.0397350993377483
"LN004","FALSE",292,0.986486486486487
"LN004","TRUE",4,0.0135135135135135
"LN005","FALSE",471,0.995771670190275
"LN005","TRUE",2,0.00422832980972516
"LN006","FALSE",152,0.968152866242038
"LN006","TRUE",5,0.0318471337579618
"LN403","FALSE",334,1
"LN404","FALSE",101,1
"LR800","FALSE",18,1
"LR801","FALSE",107,0.990740740740741
"LR801","TRUE",1,0.00925925925925926
"LR802","FALSE",47,1
"LR803","FALSE",44,0.956521739130435
"LR803","TRUE",2,0.0434782608695652
"MA002","FALSE",350,1
"MA003","FALSE",232,0.991452991452991
"MA003","TRUE",2,0.00854700854700855
"MA005","FALSE",219,1
"MA006","FALSE",209,0.985849056603774
"MA006","TRUE",3,0.0141509433962264
"MA007","FALSE",176,0.972375690607735
"MA007","TRUE",5,0.0276243093922652
"MA008","FALSE",189,1
"MA009","FALSE",133,0.977941176470588
"MA009","TRUE",3,0.0220588235294118
"MA010","FALSE",241,1
"MA011","FALSE",92,1
"MA012","FALSE",242,1
"MA013","FALSE",271,1
"MA299","FALSE",287,0.989655172413793
"MA299","TRUE",3,0.0103448275862069
"MA855","FALSE",172,1
"MB300","FALSE",57,0.863636363636364
"MB300","TRUE",9,0.136363636363636
"MB301","FALSE",93,0.894230769230769
"MB301","TRUE",11,0.105769230769231
"MB601","FALSE",68,0.918918918918919
"MB601","TRUE",6,0.0810810810810811
"MB602","FALSE",108,0.955752212389381
"MB602","TRUE",5,0.0442477876106195
"MB604","FALSE",52,0.928571428571429
"MB604","TRUE",4,0.0714285714285714
"MB605","FALSE",83,0.838383838383838
"MB605","TRUE",16,0.161616161616162
"MC076","FALSE",153,0.927272727272727
"MC076","TRUE",12,0.0727272727272727
"MC077","FALSE",230,0.966386554621849
"MC077","TRUE",8,0.0336134453781513
"MC078","FALSE",182,0.923857868020305
"MC078","TRUE",15,0.0761421319796954
"MC079","FALSE",89,0.864077669902913
"MC079","TRUE",14,0.135922330097087
"MC080","FALSE",238,0.911877394636015
"MC080","TRUE",23,0.0881226053639847
"MC300","FALSE",359,0.978201634877384
"MC300","TRUE",8,0.0217983651226158
"MC301","FALSE",245,1
"MC302","FALSE",157,0.94578313253012
"MC302","TRUE",9,0.0542168674698795
"MC303","FALSE",380,0.952380952380952
"MC303","TRUE",19,0.0476190476190476
"MC304","FALSE",440,0.98876404494382
"MC304","TRUE",5,0.0112359550561798
"MC305","FALSE",546,0.996350364963504
"MC305","TRUE",2,0.00364963503649635
"MC306","FALSE",217,0.973094170403587
"MC306","TRUE",6,0.0269058295964126
"MC307","FALSE",22,1
"MC491","FALSE",365,0.965608465608466
"MC491","TRUE",13,0.0343915343915344
"MC851","FALSE",242,1
"MC861","FALSE",79,1
"ML300","FALSE",66,1
"ML301","FALSE",151,1
"ML302","FALSE",123,0.976190476190476
"ML302","TRUE",3,0.0238095238095238
"ML303","FALSE",73,1
"ML304","FALSE",86,0.988505747126437
"ML304","TRUE",1,0.0114942528735632
"ML305","FALSE",137,0.985611510791367
"ML305","TRUE",2,0.0143884892086331
"ML306","FALSE",177,1
"ML307","FALSE",54,0.964285714285714
"ML307","TRUE",2,0.0357142857142857
"ML308","FALSE",127,0.976923076923077
"ML308","TRUE",3,0.0230769230769231
"ML309","FALSE",9,1
"ML312","FALSE",137,1
"ML313","FALSE",50,1
"ML314","FALSE",159,0.99375
"ML314","TRUE",1,0.00625
"ML499","FALSE",145,1
"MN400","FALSE",533,1
"MN401","FALSE",745,1
"MN402","FALSE",39,1
"MN403","FALSE",295,1
"MN404","FALSE",86,1
"MN405","FALSE",615,1
"MN600","FALSE",602,0.996688741721854
"MN600","TRUE",2,0.0033112582781457
"MN601","FALSE",261,1
"MN603","FALSE",427,0.995337995337995
"MN603","TRUE",2,0.00466200466200466
"MN604","FALSE",382,1
"MN605","FALSE",323,1
"MN606","FALSE",345,0.991379310344828
"MN606","TRUE",3,0.00862068965517241
"MN607","FALSE",182,0.983783783783784
"MN607","TRUE",3,0.0162162162162162
"MN608","FALSE",296,1
"MN609","FALSE",309,1
"MN610","FALSE",363,1
"MN611","FALSE",486,1
"MR106","FALSE",110,0.92436974789916
"MR106","TRUE",9,0.0756302521008403
"MR801","FALSE",152,1
"MR802","FALSE",106,0.954954954954955
"MR802","TRUE",5,0.045045045045045
